name,website,phone,address,rating,reviews,categories,mapsUrl
Elite Roofing & Solar,https://www.elite-roofs.com/denver-roofers/?utm_source=GBP&utm_medium=Google&utm_campaign=GBP_Denver_Page,(303) 296-0361,"5475 Peoria St #4-106, Denver, CO 80239, USA",4.9,636,establishment|point_of_interest|roofing_contractor,https://maps.google.com/?cid=9937016880599290217
Sol Vista Roofing,https://solvistaroofing.com/,(720) 665-9868,"5855 E 45th Ave A-132, Denver, CO 80216, USA",4.9,325,establishment|point_of_interest|roofing_contractor,https://maps.google.com/?cid=6233995028478039051
Metro City Roofing,https://metrocityroofing.com/contact/,(303) 524-1000,"8354 E Northfield Blvd #3700, Denver, CO 80238, USA",5,197,establishment|point_of_interest|roofing_contractor,https://maps.google.com/?cid=10330639736181144691
New Roof Plus,https://www.newroofplus.com/?utm_campaign=gmb,(303) 529-7554,"110 16th St Mall Suite 1455, Denver, CO 80202, USA",5,186,establishment|point_of_interest|roofing_contractor,https://maps.google.com/?cid=1849330132689814522
Formula Roofing and Remodeling,http://www.formularoofing.com/,(303) 600-8696,"4560 Columbine St, Denver, CO 80216, USA",4.8,471,establishment|general_contractor|painter|point_of_interest|roofing_contractor,https://maps.google.com/?cid=171772518342156819
730 South Exteriors & Roofing,https://730southexteriors.com/?utm_source=google&utm_medium=organic&utm_campaign=gmb,(303) 698-0580,"2281 S Acoma St, Denver, CO 80223, USA",4.9,378,establishment|general_contractor|point_of_interest|roofing_contractor,https://maps.google.com/?cid=14071809818707388787
"Interstate Roofing, Inc.",https://www.interstateroof.com/,(303) 763-9114,"1000 W 47th Ave, Denver, CO 80211, USA",4.7,956,establishment|point_of_interest|roofing_contractor,https://maps.google.com/?cid=12865583747964895979
Riley's Roofing,http://www.rileysroofing.com/,(720) 910-1470,"4160 Fox St, Denver, CO 80216, USA",5,120,establishment|point_of_interest|roofing_contractor,https://maps.google.com/?cid=7493094378335213037
Denver Roofers LLC,http://mydenverroofers.com/,(720) 443-4202,"4454 Tennyson St, Denver, CO 80212, USA",4.9,67,establishment|point_of_interest|roofing_contractor,https://maps.google.com/?cid=2465384948604304540
Premier Roofing Company,https://www.premier-roofing.com/locations/denver-roofing/?utm_source=google&utm_medium=local&utm_campaign=GMB&utm_content=Denver,(303) 233-7663,"2570 W 8th Ave, Denver, CO 80204, USA",4.3,580,establishment|general_contractor|point_of_interest|roofing_contractor,https://maps.google.com/?cid=13851599345467909062
Lifetime Roof & Solar - Denver,https://mylifetimehome.com/services/residential-roofing-installations/,(303) 335-6097,"9525 E 40th Ave suite 160C, Denver, CO 80238, USA",5,450,establishment|point_of_interest|roofing_contractor,https://maps.google.com/?cid=16861356970979921575
Native Roofing & Construction,https://www.nativeroofingconst.com/,(303) 579-7774,"10861 Utica St, Westminster, CO 80031, USA",5,153,establishment|point_of_interest|roofing_contractor,https://maps.google.com/?cid=11379765166304090871
Colorado Precision Roofing,http://coloradoprecisionroofing.com/,(303) 872-7750,"1001 Bannock St, Denver, CO 80204, USA",5,35,establishment|point_of_interest|roofing_contractor,https://maps.google.com/?cid=6372398907678889942
Core Roofing + Solar,https://www.coreroofing.com/?utm_source=gmb&utm_medium=organic&utm_campaign=listing,(720) 794-9144,"4049 St Paul St, Denver, CO 80216, USA",4.9,410,establishment|point_of_interest|roofing_contractor|store,https://maps.google.com/?cid=2319376516044281248
Ethos Roofing & Restoration,https://www.ethosroofing.com/?utm_campaign=gmb,(720) 549-7454,"2305 E Arapahoe Rd #153, Centennial, CO 80122, USA",4.9,300,establishment|general_contractor|point_of_interest|roofing_contractor,https://maps.google.com/?cid=15292542822002860017
Mighty Dog Roofing of Downtown Denver,https://www.mightydogroofing.com/downtown-denver-co/,(720) 796-9052,"3000 Lawrence St #145, Denver, CO 80205, USA",4.8,96,establishment|general_contractor|point_of_interest|roofing_contractor,https://maps.google.com/?cid=17852774354645759789
Horn Brothers Roofing,https://hornbrothersroofing.com/?utm_campaign=gmb,(720) 802-0259,"2325 S Jason St, Denver, CO 80223, USA",4.9,83,establishment|point_of_interest|roofing_contractor|store,https://maps.google.com/?cid=4536320718325508936
Integrity Pro Roofing | Denver Commercial Roofing,https://integrityproroofing.com/denver/?utm_source=google&utm_medium=organic&utm_campaign=gmb,(303) 968-9842,"1415 Park Ave W, Denver, CO 80205, USA",4.9,220,establishment|general_contractor|point_of_interest|roofing_contractor,https://maps.google.com/?cid=18102962519672985886
A-Denver Roofing,https://www.a-denverroofing.com/,(303) 455-3185,"1600 Broadway #1600, Denver, CO 80202, USA",4.9,38,establishment|general_contractor|point_of_interest|roofing_contractor,https://maps.google.com/?cid=3359899935213862565
Best Roof Roofing,http://bestroofroofing.com/,(303) 929-9196,"3879 E 120th Ave #343, Thornton, CO 80233, USA",5,195,establishment|point_of_interest|roofing_contractor,https://maps.google.com/?cid=1261262604660906839
